id,osm_kod,nazwa_osm,ozk_id,indeksy_ozk_aktualne_nazwa,indeksy_ozk_aktualne_id_nadrzedne
1,1,amenity_bar,7,Infrastruktura gastronomii,1
2,2,amenity_bbq,7,Infrastruktura gastronomii,1
3,3,amenity_biergarten,7,Infrastruktura gastronomii,1
4,4,amenity_cafe,7,Infrastruktura gastronomii,1
5,5,amenity_drinking_water,7,Infrastruktura gastronomii,1
6,6,amenity_fast_food,7,Infrastruktura gastronomii,1
7,7,amenity_food_court,7,Infrastruktura gastronomii,1
8,8,amenity_ice_cream,7,Infrastruktura gastronomii,1
9,9,amenity_pub,7,Infrastruktura gastronomii,1
10,10,amenity_restaurant,7,Infrastruktura gastronomii,1
11,11,amenity_college,1,Infrastruktura edukacji i nauki,3
12,12,amenity_kindergarten,1,Infrastruktura edukacji i nauki,3
13,13,amenity_library,4,Infrastruktura upowszechniania kultury,3
14,14,amenity_public_bookcase,4,Infrastruktura upowszechniania kultury,3
15,15,amenity_school,1,Infrastruktura edukacji i nauki,3
16,16,amenity_music_school,1,Infrastruktura edukacji i nauki,3
17,17,amenity_driving_school,1,Infrastruktura edukacji i nauki,3
18,18,amenity_language_school,1,Infrastruktura edukacji i nauki,3
19,19,amenity_university,1,Infrastruktura edukacji i nauki,3
20,20,amenity_bicycle_parking,29,Infrastruktura transportowa,2
21,21,amenity_bicycle_repair_station,29,Infrastruktura transportowa,2
22,22,amenity_bicycle_rental,29,Infrastruktura transportowa,2
23,23,amenity_boat_sharing,29,Infrastruktura transportowa,2
24,24,amenity_bus_station,29,Infrastruktura transportowa,2
25,25,amenity_car_rental,29,Infrastruktura transportowa,2
26,26,amenity_car_sharing,29,Infrastruktura transportowa,2
27,27,amenity_car_wash,29,Infrastruktura transportowa,2
28,28,amenity_ev_charging,29,Infrastruktura transportowa,2
29,29,amenity_charging_station,29,Infrastruktura transportowa,2
30,30,amenity_ferry_terminal,29,Infrastruktura transportowa,2
31,31,amenity_fuel,29,Infrastruktura transportowa,2
32,32,amenity_grit_bin,29,Infrastruktura transportowa,2
33,33,amenity_motorcycle_parking,29,Infrastruktura transportowa,2
34,34,amenity_parking,29,Infrastruktura transportowa,2
35,35,amenity_parking_entrance,29,Infrastruktura transportowa,2
36,36,amenity_parking_space,29,Infrastruktura transportowa,2
37,37,amenity_taxi,29,Infrastruktura transportowa,2
38,38,amenity_atm,18,Infrastruktura instytucji finansowych,2
39,39,amenity_bank,18,Infrastruktura instytucji finansowych,2
40,40,amenity_bureau_de_change,18,Infrastruktura instytucji finansowych,2
41,41,amenity_baby_hatch,16,Infrastruktura zdrowia,1
42,42,amenity_clinic,16,Infrastruktura zdrowia,1
43,43,amenity_dentist,16,Infrastruktura zdrowia,1
44,44,amenity_doctors,16,Infrastruktura zdrowia,1
45,45,amenity_hospital,16,Infrastruktura zdrowia,1
46,46,amenity_nursing_home,16,Infrastruktura zdrowia,1
47,47,amenity_pharmacy,16,Infrastruktura zdrowia,1
48,48,amenity_yes,999,Nieokreślona,999
49,49,amenity_omitted,999,Nieokreślona,999
50,50,amenity_social_facility,26,Infrastruktura pomocy społecznej,1
51,51,amenity_veterinary,12,Infrastruktura oswojonej natury,1
52,52,amenity_blood_donation,16,Infrastruktura zdrowia,1
53,53,amenity_arts_centre,4,Infrastruktura upowszechniania kultury,3
54,54,amenity_brothel,2,Infrastruktura zbiorowych spotkań okazjonalnych,2
55,55,amenity_casino,2,Infrastruktura zbiorowych spotkań okazjonalnych,2
56,56,amenity_cinema,4,Infrastruktura upowszechniania kultury,3
57,57,amenity_community_centre,4,Infrastruktura upowszechniania kultury,3
58,58,amenity_fountain,2,Infrastruktura zbiorowych spotkań okazjonalnych,2
59,59,amenity_gambling,2,Infrastruktura zbiorowych spotkań okazjonalnych,2
60,60,amenity_nightclub,2,Infrastruktura zbiorowych spotkań okazjonalnych,2
61,61,amenity_planetarium,4,Infrastruktura upowszechniania kultury,3
62,62,amenity_social_centre,4,Infrastruktura upowszechniania kultury,3
63,63,amenity_stripclub,2,Infrastruktura zbiorowych spotkań okazjonalnych,2
64,64,amenity_studio,2,Infrastruktura zbiorowych spotkań okazjonalnych,2
65,65,amenity_swingerclub,2,Infrastruktura zbiorowych spotkań okazjonalnych,2
66,66,amenity_theatre,3,Infrastruktura kultury „wysokiej”,3
67,67,amenity_animal_boarding,12,Infrastruktura oswojonej natury,1
68,68,amenity_animal_shelter,12,Infrastruktura oswojonej natury,1
69,69,amenity_bench,2,Infrastruktura zbiorowych spotkań okazjonalnych,2
70,70,amenity_clock,2,Infrastruktura zbiorowych spotkań okazjonalnych,2
71,71,amenity_courthouse,15,Infrastruktura organizacji życia zbiorowego,2
72,72,amenity_coworking_space,20,Infrastruktura przemysłów kultury,3
73,73,amenity_crematorium,15,Infrastruktura organizacji życia zbiorowego,2
74,74,amenity_crypt,15,Infrastruktura organizacji życia zbiorowego,2
75,75,amenity_dive_centre,5,Infrastruktura aktywności fizycznej,1
76,76,amenity_dojo,5,Infrastruktura aktywności fizycznej,1
77,77,amenity_embassy,15,Infrastruktura organizacji życia zbiorowego,2
78,78,amenity_fire_station,15,Infrastruktura organizacji życia zbiorowego,2
79,79,amenity_firepit,2,Infrastruktura zbiorowych spotkań okazjonalnych,2
80,80,amenity_game_feeding,2,Infrastruktura zbiorowych spotkań okazjonalnych,2
81,81,amenity_grave_yard,15,Infrastruktura organizacji życia zbiorowego,2
82,82,amenity_gym,5,Infrastruktura aktywności fizycznej,1
83,83,amenity_hunting_stand,5,Infrastruktura aktywności fizycznej,1
84,84,amenity_internet_cafe,10,Infrastruktura produkcji i dystrybucji informacji,3
85,85,amenity_kneipp_water_cure,14,Infrastruktura magii/medycyny para- i niekonwencjonalnej,3
86,86,amenity_marketplace_,9,Infrastruktura handlowa,1
87,87,amenity_photo_booth,11,Infrastruktura usług kulturalnych,3
88,88,amenity_place__of_worship,6,Infrastruktura kultury religijnej,3
89,89,amenity_police,15,Infrastruktura organizacji życia zbiorowego,2
90,90,amenity_post_box,10,Infrastruktura produkcji i dystrybucji informacji,3
91,91,amenity_post_office_,10,Infrastruktura produkcji i dystrybucji informacji,3
92,92,amenity_prison,15,Infrastruktura organizacji życia zbiorowego,2
93,93,amenity_public_building,15,Infrastruktura organizacji życia zbiorowego,2
94,94,amenity_ranger_station,12,Infrastruktura oswojonej natury,1
95,95,amenity_recycling,15,Infrastruktura organizacji życia zbiorowego,2
96,96,amenity_rescue_station,16,Infrastruktura zdrowia,1
97,97,amenity_sauna,13,Infrastruktura upiększania/dbania o ciało,3
98,98,amenity_sauna,13,Infrastruktura upiększania/dbania o ciało,3
99,99,amenity_shelter,26,Infrastruktura pomocy społecznej,1
100,100,amenity_shower,13,Infrastruktura upiększania/dbania o ciało,3
101,101,amenity_telephone,10,Infrastruktura produkcji i dystrybucji informacji,3
102,102,amenity_toilets,8,Infrastruktura turystyki,3
103,103,amenity_townhall,15,Infrastruktura organizacji życia zbiorowego,2
104,104,amenity_vending_machine,7,Infrastruktura gastronomii,1
105,105,amenity_waste_basket,28,Infrastruktura usług produkcyjnych,3
106,106,amenity_waste_disposal,28,Infrastruktura usług produkcyjnych,3
107,107,amenity_waste_transfer_station,28,Infrastruktura usług produkcyjnych,3
108,108,amenity_watering_place_,15,Infrastruktura organizacji życia zbiorowego,2
109,109,amenity_water_point,15,Infrastruktura organizacji życia zbiorowego,2
110,110,amenity_user_defined,999,Nieokreślona,999
111,111,amenity_apartments,999,Nieokreślona,999
112,None,building_,None,None,None
113,112,building_farm,12,Infrastruktura oswojonej natury,1
114,113,building_hotel,8,Infrastruktura turystyki,3
115,114,building_house,999,Nieokreślona,999
116,115,building_detached,999,Nieokreślona,999
117,116,building_residential,999,Nieokreślona,999
118,117,building_dormitory,1,Infrastruktura edukacji i nauki,3
119,118,building_terrace,999,Nieokreślona,999
120,119,building_houseboat,999,Nieokreślona,999
121,120,building_bungalow,999,Nieokreślona,999
122,121,building_static_caravan,999,Nieokreślona,999
123,122,building_commercial,9,Infrastruktura handlowa,1
124,123,building_office_,999,Nieokreślona,999
125,124,building_industrial,27,Infrastruktura produkcyjna,1
126,125,building_retail,9,Infrastruktura handlowa,1
127,126,building_warehouse,27,Infrastruktura produkcyjna,1
128,127,building_cathedral,6,Infrastruktura kultury religijnej,3
129,128,building_chapel,6,Infrastruktura kultury religijnej,3
130,129,building_church,6,Infrastruktura kultury religijnej,3
131,130,building_mosque,6,Infrastruktura kultury religijnej,3
132,131,building_temple,6,Infrastruktura kultury religijnej,3
133,132,building_synagogue,6,Infrastruktura kultury religijnej,3
134,133,building_shrine,6,Infrastruktura kultury religijnej,3
135,134,building_civic,999,Nieokreślona,999
136,135,building_hospital,16,Infrastruktura zdrowia,1
137,136,building_school,1,Infrastruktura edukacji i nauki,3
138,137,building_stadium,5,Infrastruktura aktywności fizycznej,1
139,138,building_train_station,29,Infrastruktura transportowa,2
140,139,building_transport_ation,29,Infrastruktura transportowa,2
141,140,building_university,1,Infrastruktura edukacji i nauki,3
142,141,building_public,999,Nieokreślona,999
143,142,building_barn,12,Infrastruktura oswojonej natury,1
144,143,building_bridge,999,Nieokreślona,999
145,144,building_bunker,999,Nieokreślona,999
146,145,building_cabin,999,Nieokreślona,999
147,146,building_construction,999,Nieokreślona,999
148,147,building_cowshed,12,Infrastruktura oswojonej natury,1
149,148,building_digester,999,Nieokreślona,999
150,149,building_farm_auxiliary,12,Infrastruktura oswojonej natury,1
151,150,building_garage,29,Infrastruktura transportowa,2
152,151,building_garages,29,Infrastruktura transportowa,2
153,152,building_greenhouse,12,Infrastruktura oswojonej natury,1
154,153,building_hangar,999,Nieokreślona,999
155,154,building_hut,999,Nieokreślona,999
156,155,building_roof,999,Nieokreślona,999
157,156,building_shed,12,Infrastruktura oswojonej natury,1
158,157,building_stable,12,Infrastruktura oswojonej natury,1
159,158,building_sty,999,Nieokreślona,999
160,159,building_transformer_tower,999,Nieokreślona,999
161,160,building_service,999,Nieokreślona,999
162,161,building_kiosk,999,Nieokreślona,999
163,162,building_ruins,999,Nieokreślona,999
164,163,building_agricultural_engines,12,Infrastruktura oswojonej natury,1
165,None,craft_,None,None,None
166,164,craft_basket_maker,17,Infrastruktura rzemiosła i kultury ludowej,3
333,328,man_made_pillar,999,Nieokreślona,999
167,165,craft_beekeeper,17,Infrastruktura rzemiosła i kultury ludowej,3
168,166,craft_blacksmith,17,Infrastruktura rzemiosła i kultury ludowej,3
169,167,craft_boatbuilder,17,Infrastruktura rzemiosła i kultury ludowej,3
170,168,craft_bookbinder,20,Infrastruktura przemysłów kultury,3
171,169,craft_brewery,7,Infrastruktura gastronomii,1
172,170,craft_builder,17,Infrastruktura rzemiosła i kultury ludowej,3
173,171,craft_carpenter,17,Infrastruktura rzemiosła i kultury ludowej,3
174,172,craft_carpet_layer,17,Infrastruktura rzemiosła i kultury ludowej,3
175,173,craft_caterer,17,Infrastruktura rzemiosła i kultury ludowej,3
176,174,craft_chimney_sweeper,17,Infrastruktura rzemiosła i kultury ludowej,3
177,175,craft_clockmaker,20,Infrastruktura przemysłów kultury,3
178,176,craft_confectionery,17,Infrastruktura rzemiosła i kultury ludowej,3
179,177,craft_distillery,17,Infrastruktura rzemiosła i kultury ludowej,3
180,178,craft_dressmaker,17,Infrastruktura rzemiosła i kultury ludowej,3
181,179,craft_electrician,17,Infrastruktura rzemiosła i kultury ludowej,3
182,180,craft_floorer,17,Infrastruktura rzemiosła i kultury ludowej,3
183,181,craft_parquet_layer,17,Infrastruktura rzemiosła i kultury ludowej,3
184,182,craft_gardener,17,Infrastruktura rzemiosła i kultury ludowej,3
185,183,craft_glaziery,17,Infrastruktura rzemiosła i kultury ludowej,3
186,184,craft_handicraft,17,Infrastruktura rzemiosła i kultury ludowej,3
187,185,craft_hvac,17,Infrastruktura rzemiosła i kultury ludowej,3
188,186,craft_insulation,17,Infrastruktura rzemiosła i kultury ludowej,3
189,187,craft_jeweller,17,Infrastruktura rzemiosła i kultury ludowej,3
190,188,craft_key_cutter,17,Infrastruktura rzemiosła i kultury ludowej,3
191,189,craft_locksmith,17,Infrastruktura rzemiosła i kultury ludowej,3
192,190,craft_metal_construction,17,Infrastruktura rzemiosła i kultury ludowej,3
193,191,craft_optician,16,Infrastruktura zdrowia,1
194,192,craft_painter,17,Infrastruktura rzemiosła i kultury ludowej,3
195,193,craft_parquet_layer,17,Infrastruktura rzemiosła i kultury ludowej,3
196,194,craft_photographer,20,Infrastruktura przemysłów kultury,3
197,195,craft_photographic_laboratory,20,Infrastruktura przemysłów kultury,3
198,196,craft_piano_tuner,20,Infrastruktura przemysłów kultury,3
199,197,craft_plasterer,17,Infrastruktura rzemiosła i kultury ludowej,3
200,198,craft_plumber,17,Infrastruktura rzemiosła i kultury ludowej,3
201,199,craft_pottery,17,Infrastruktura rzemiosła i kultury ludowej,3
202,200,craft_rigger,17,Infrastruktura rzemiosła i kultury ludowej,3
203,201,craft_roofer,17,Infrastruktura rzemiosła i kultury ludowej,3
204,202,craft_saddler,17,Infrastruktura rzemiosła i kultury ludowej,3
205,203,craft_sailmaker,17,Infrastruktura rzemiosła i kultury ludowej,3
206,204,craft_sawmill,17,Infrastruktura rzemiosła i kultury ludowej,3
207,205,craft_scaffolder,17,Infrastruktura rzemiosła i kultury ludowej,3
208,206,craft_sun_protection,17,Infrastruktura rzemiosła i kultury ludowej,3
209,207,craft_tailor,20,Infrastruktura przemysłów kultury,3
210,208,craft_tiler,17,Infrastruktura rzemiosła i kultury ludowej,3
211,209,craft_tinsmith,17,Infrastruktura rzemiosła i kultury ludowej,3
212,210,craft_turner,17,Infrastruktura rzemiosła i kultury ludowej,3
213,211,craft_upholsterer,17,Infrastruktura rzemiosła i kultury ludowej,3
214,212,craft_watchmaker,20,Infrastruktura przemysłów kultury,3
215,213,craft_window_construction,17,Infrastruktura rzemiosła i kultury ludowej,3
216,214,craft_winery,7,Infrastruktura gastronomii,1
217,None,historic_,None,None,None
218,215,historic_aircraft,3,Infrastruktura kultury „wysokiej”,3
219,216,historic_archaeological_site,3,Infrastruktura kultury „wysokiej”,3
220,217,historic_battlefield,3,Infrastruktura kultury „wysokiej”,3
221,218,historic_boundary_stone,3,Infrastruktura kultury „wysokiej”,3
222,219,historic_building,3,Infrastruktura kultury „wysokiej”,3
223,220,historic_cannon,3,Infrastruktura kultury „wysokiej”,3
224,221,historic_castle,3,Infrastruktura kultury „wysokiej”,3
225,222,historic_city_gate,3,Infrastruktura kultury „wysokiej”,3
226,223,historic_citywalls,3,Infrastruktura kultury „wysokiej”,3
227,224,historic_farm,3,Infrastruktura kultury „wysokiej”,3
228,225,historic_fort,3,Infrastruktura kultury „wysokiej”,3
229,226,historic_gallows,3,Infrastruktura kultury „wysokiej”,3
230,227,historic_highwater_mark,3,Infrastruktura kultury „wysokiej”,3
231,228,historic_locomotive,3,Infrastruktura kultury „wysokiej”,3
232,229,historic_manor,3,Infrastruktura kultury „wysokiej”,3
233,230,historic_memorial,3,Infrastruktura kultury „wysokiej”,3
234,231,historic_milestone,3,Infrastruktura kultury „wysokiej”,3
235,232,historic_monastery,3,Infrastruktura kultury „wysokiej”,3
236,233,historic_monument,3,Infrastruktura kultury „wysokiej”,3
237,234,historic_optical_telegraph,3,Infrastruktura kultury „wysokiej”,3
238,235,historic_pillory,3,Infrastruktura kultury „wysokiej”,3
239,236,historic_ruins,3,Infrastruktura kultury „wysokiej”,3
240,237,"historic_castle,",3,Infrastruktura kultury „wysokiej”,3
241,238,historic_rune_stone,3,Infrastruktura kultury „wysokiej”,3
242,239,historic_ship,3,Infrastruktura kultury „wysokiej”,3
243,240,historic_tomb,3,Infrastruktura kultury „wysokiej”,3
244,241,historic_tree_shrine,3,Infrastruktura kultury „wysokiej”,3
245,242,historic_wayside_cross,3,Infrastruktura kultury „wysokiej”,3
246,243,historic_wayside_shrine,3,Infrastruktura kultury „wysokiej”,3
247,244,historic_wreck,3,Infrastruktura kultury „wysokiej”,3
248,None,landuse_,None,None,None
249,245,landuse_allotments,12,Infrastruktura oswojonej natury,1
250,246,landuse_cemetery,15,Infrastruktura organizacji życia zbiorowego,2
251,247,landuse_forest,12,Infrastruktura oswojonej natury,1
252,248,landuse_garages,29,Infrastruktura transportowa,2
253,249,landuse_greenhouse_horticulture,12,Infrastruktura oswojonej natury,1
254,250,landuse_military_,15,Infrastruktura organizacji życia zbiorowego,2
255,251,landuse_recreation_ground,2,Infrastruktura zbiorowych spotkań okazjonalnych,2
256,252,landuse_residential,999,Nieokreślona,999
257,253,landuse_retail,9,Infrastruktura handlowa,1
258,254,landuse_vineyard,12,Infrastruktura oswojonej natury,1
259,255,landuse_commercial,9,Infrastruktura handlowa,1
260,256,landuse_adult_gaming_centre,2,Infrastruktura zbiorowych spotkań okazjonalnych,2
261,257,landuse_amusement_arcade,2,Infrastruktura zbiorowych spotkań okazjonalnych,2
262,258,landuse_beach_resort,8,Infrastruktura turystyki,3
263,259,landuse_bandstand,999,Nieokreślona,999
264,260,landuse_bird_hide,12,Infrastruktura oswojonej natury,1
265,261,landuse_common,2,Infrastruktura zbiorowych spotkań okazjonalnych,2
266,262,landuse_dance,2,Infrastruktura zbiorowych spotkań okazjonalnych,2
267,263,landuse_dog_park,2,Infrastruktura zbiorowych spotkań okazjonalnych,2
268,264,landuse_firepit,2,Infrastruktura zbiorowych spotkań okazjonalnych,2
269,265,landuse_fishing,5,Infrastruktura aktywności fizycznej,1
270,266,landuse_garden,12,Infrastruktura oswojonej natury,1
271,267,landuse_golf_course,5,Infrastruktura aktywności fizycznej,1
272,268,landuse_hackerspace,11,Infrastruktura usług kulturalnych,3
273,269,landuse_ice_rink,999,Nieokreślona,999
274,270,landuse_marina,8,Infrastruktura turystyki,3
275,271,landuse_miniature_golf,5,Infrastruktura aktywności fizycznej,1
276,272,landuse_nature_reserve,12,Infrastruktura oswojonej natury,1
277,273,landuse_park,12,Infrastruktura oswojonej natury,1
278,274,landuse_pitch,999,Nieokreślona,999
279,275,landuse_playground,2,Infrastruktura zbiorowych spotkań okazjonalnych,2
280,276,landuse_slipway,999,Nieokreślona,999
281,277,landuse_sport_s_centre,5,Infrastruktura aktywności fizycznej,1
282,278,landuse_stadium,5,Infrastruktura aktywności fizycznej,1
283,279,landuse_summer_camp,8,Infrastruktura turystyki,3
284,280,landuse_swimming_area,5,Infrastruktura aktywności fizycznej,1
285,281,landuse_swimming_pool,5,Infrastruktura aktywności fizycznej,1
286,282,landuse_track,5,Infrastruktura aktywności fizycznej,1
287,283,landuse_water_park,2,Infrastruktura zbiorowych spotkań okazjonalnych,2
288,284,landuse_wildlife_hide,12,Infrastruktura oswojonej natury,1
289,None,man_made_,None,None,None
290,285,man_made_MDF,999,Nieokreślona,999
291,286,man_made_adit,999,Nieokreślona,999
292,287,man_made_antenna,999,Nieokreślona,999
293,288,man_made_beacon,999,Nieokreślona,999
294,289,man_made_breakwater,999,Nieokreślona,999
295,290,man_made_bridge,999,Nieokreślona,999
296,291,man_made_bunker_silo,999,Nieokreślona,999
297,292,man_made_cairn,999,Nieokreślona,999
298,293,man_made_campanile,999,Nieokreślona,999
299,294,man_made_chimney,999,Nieokreślona,999
300,295,man_made_clearcut,999,Nieokreślona,999
301,296,man_made_communications_tower,999,Nieokreślona,999
302,297,man_made_compass_rose,999,Nieokreślona,999
303,298,man_made_cooling_tower,999,Nieokreślona,999
304,299,man_made_crane,999,Nieokreślona,999
305,300,man_made_cross,999,Nieokreślona,999
306,301,man_made_cut_line,999,Nieokreślona,999
307,302,man_made_cutline,999,Nieokreślona,999
308,303,man_made_dolphin,999,Nieokreślona,999
309,304,man_made_dovecote,999,Nieokreślona,999
310,305,man_made_dyke,999,Nieokreślona,999
311,306,man_made_embankment,999,Nieokreślona,999
312,307,man_made_flagpole,999,Nieokreślona,999
313,308,man_made_flare,999,Nieokreślona,999
314,309,man_made_floating_storage,999,Nieokreślona,999
315,310,man_made_gasometer,999,Nieokreślona,999
316,311,man_made_geoglyph,999,Nieokreślona,999
317,312,man_made_goods_conveyor,999,Nieokreślona,999
318,313,man_made_groyne,999,Nieokreślona,999
319,314,man_made_hot_water_tank,999,Nieokreślona,999
320,315,man_made_insect_hotel,999,Nieokreślona,999
321,316,man_made_jetty,999,Nieokreślona,999
322,317,man_made_kiln,999,Nieokreślona,999
323,318,man_made_lighthouse,999,Nieokreślona,999
324,319,man_made_mast,999,Nieokreślona,999
325,320,man_made_mineshaft,999,Nieokreślona,999
326,321,man_made_monitoring_station,999,Nieokreślona,999
327,322,man_made_obelisk,999,Nieokreślona,999
328,323,man_made_observatory,999,Nieokreślona,999
329,324,man_made_offshore_platform,999,Nieokreślona,999
330,325,man_made_oil_well,999,Nieokreślona,999
331,326,man_made_petroleum_well,999,Nieokreślona,999
332,327,man_made_pier,999,Nieokreślona,999
334,329,man_made_pipeline,999,Nieokreślona,999
335,330,man_made_pumping_rig,999,Nieokreślona,999
336,331,man_made_pumping_station,999,Nieokreślona,999
337,332,man_made_quay,999,Nieokreślona,999
338,333,man_made_reservoir_covered,999,Nieokreślona,999
339,334,man_made_school_sentry,999,Nieokreślona,999
340,335,man_made_silo,999,Nieokreślona,999
341,336,man_made_snow_cannon,999,Nieokreślona,999
342,337,man_made_snow_fence,999,Nieokreślona,999
343,338,man_made_snow_net,999,Nieokreślona,999
344,339,man_made_spoil_heap,999,Nieokreślona,999
345,340,man_made_storage_tank,999,Nieokreślona,999
346,341,man_made_street_cabinet,999,Nieokreślona,999
347,342,man_made_submarine_cable,999,Nieokreślona,999
348,343,man_made_surveillance,999,Nieokreślona,999
349,344,man_made_survey_point,999,Nieokreślona,999
350,345,man_made_telescope,999,Nieokreślona,999
351,346,man_made_tell,999,Nieokreślona,999
352,347,man_made_tower,999,Nieokreślona,999
353,348,man_made_tunnel,999,Nieokreślona,999
354,349,man_made_utility_pole,999,Nieokreślona,999
355,350,man_made_wastewater_plant,999,Nieokreślona,999
356,351,man_made_water_tank,999,Nieokreślona,999
357,352,man_made_water_tap,999,Nieokreślona,999
358,353,man_made_water_tower,999,Nieokreślona,999
359,354,man_made_water_well,999,Nieokreślona,999
360,355,man_made_water_works,999,Nieokreślona,999
361,356,man_made_watermill,999,Nieokreślona,999
362,357,man_made_well,999,Nieokreślona,999
363,358,man_made_wildlife_crossing,999,Nieokreślona,999
364,359,man_made_wildlife_opening,999,Nieokreślona,999
365,360,man_made_windmill,999,Nieokreślona,999
366,361,man_made_windpump,999,Nieokreślona,999
367,362,man_made_works,999,Nieokreślona,999
368,None,military_,None,None,None
369,363,military_ammunition,15,Infrastruktura organizacji życia zbiorowego,2
370,364,military_bunker,15,Infrastruktura organizacji życia zbiorowego,2
371,365,military_barracks,15,Infrastruktura organizacji życia zbiorowego,2
372,366,military_checkpoint,15,Infrastruktura organizacji życia zbiorowego,2
373,367,military_danger_area,15,Infrastruktura organizacji życia zbiorowego,2
374,368,military_naval_base,15,Infrastruktura organizacji życia zbiorowego,2
375,369,military_nuclear_explosion_site,15,Infrastruktura organizacji życia zbiorowego,2
376,370,military_obstacle_course,15,Infrastruktura organizacji życia zbiorowego,2
377,371,military_office_,15,Infrastruktura organizacji życia zbiorowego,2
378,372,military_range,15,Infrastruktura organizacji życia zbiorowego,2
379,373,military_training_area,15,Infrastruktura organizacji życia zbiorowego,2
380,374,military_trench,15,Infrastruktura organizacji życia zbiorowego,2
381,None,natural_,None,None,None
382,375,natural_wood,12,Infrastruktura oswojonej natury,1
383,376,natural_bay,12,Infrastruktura oswojonej natury,1
384,377,natural_beach,12,Infrastruktura oswojonej natury,1
385,378,natural_cave_entrance,12,Infrastruktura oswojonej natury,1
386,379,natural_cliff,12,Infrastruktura oswojonej natury,1
387,380,natural_glacier,12,Infrastruktura oswojonej natury,1
388,381,natural_peak,12,Infrastruktura oswojonej natury,1
389,382,natural_spring,12,Infrastruktura oswojonej natury,1
390,383,natural_stone,12,Infrastruktura oswojonej natury,1
391,384,natural_volcano,12,Infrastruktura oswojonej natury,1
392,385,natural_fell,12,Infrastruktura oswojonej natury,1
393,386,natural_grassland,12,Infrastruktura oswojonej natury,1
394,387,natural_heath,12,Infrastruktura oswojonej natury,1
395,388,natural_marsh,12,Infrastruktura oswojonej natury,1
396,389,natural_wetland,12,Infrastruktura oswojonej natury,1
397,390,natural_mud,12,Infrastruktura oswojonej natury,1
398,391,natural_sand,12,Infrastruktura oswojonej natury,1
399,392,natural_scree,12,Infrastruktura oswojonej natury,1
400,393,natural_scrub,12,Infrastruktura oswojonej natury,1
401,394,natural_spring,12,Infrastruktura oswojonej natury,1
402,None,office_,None,None,None
403,395,office_accountant,18,Infrastruktura instytucji finansowych,2
404,396,office_administrative,15,Infrastruktura organizacji życia zbiorowego,2
405,397,office_adoption_agency,24,Infrastruktura obsługi społecznego funkcjonowania jednostek i grup,1
406,398,office_advertising_agency,23,Infrastruktura informacyjno-promocyjna,3
407,399,office_architect,11,Infrastruktura usług kulturalnych,3
408,400,office_association,25,Infrastruktura NGOs,2
409,401,office_charity,25,Infrastruktura NGOs,2
410,402,office_company,28,Infrastruktura usług produkcyjnych,3
411,403,office_educational_institution,1,Infrastruktura edukacji i nauki,3
412,404,office_employment_agency,24,Infrastruktura obsługi społecznego funkcjonowania jednostek i grup,1
413,405,office_energy_supplier,15,Infrastruktura organizacji życia zbiorowego,2
414,406,office_engineer,28,Infrastruktura usług produkcyjnych,3
415,407,office_estate_agent,24,Infrastruktura obsługi społecznego funkcjonowania jednostek i grup,1
416,408,office_financial,18,Infrastruktura instytucji finansowych,2
417,409,office_forestry,12,Infrastruktura oswojonej natury,1
418,410,office_foundation,25,Infrastruktura NGOs,2
419,411,office_government,15,Infrastruktura organizacji życia zbiorowego,2
420,412,office_guide,8,Infrastruktura turystyki,3
421,413,office_insurance,24,Infrastruktura obsługi społecznego funkcjonowania jednostek i grup,1
422,414,office_it,11,Infrastruktura usług kulturalnych,3
423,415,office_lawyer,24,Infrastruktura obsługi społecznego funkcjonowania jednostek i grup,1
424,416,office_logistics,28,Infrastruktura usług produkcyjnych,3
425,417,office_newspaper,10,Infrastruktura produkcji i dystrybucji informacji,3
426,418,office_ngo,25,Infrastruktura NGOs,2
427,419,office_notary,24,Infrastruktura obsługi społecznego funkcjonowania jednostek i grup,1
428,420,office_occupational_safety,28,Infrastruktura usług produkcyjnych,3
429,421,office_parish,6,Infrastruktura kultury religijnej,3
430,422,office_political_party,15,Infrastruktura organizacji życia zbiorowego,2
431,423,office_private_investigator,999,Nieokreślona,999
432,424,office_quango,15,Infrastruktura organizacji życia zbiorowego,2
433,425,office_real_estate_agent,24,Infrastruktura obsługi społecznego funkcjonowania jednostek i grup,1
434,426,office_register,15,Infrastruktura organizacji życia zbiorowego,2
435,427,office_religion,6,Infrastruktura kultury religijnej,3
436,428,office_research,11,Infrastruktura usług kulturalnych,3
437,429,office_surveyor,11,Infrastruktura usług kulturalnych,3
438,430,office_tax,18,Infrastruktura instytucji finansowych,2
439,431,office_tax_advisor,18,Infrastruktura instytucji finansowych,2
440,432,office_telecommunication,10,Infrastruktura produkcji i dystrybucji informacji,3
441,433,office_travel_agent,8,Infrastruktura turystyki,3
442,434,office_water_utility,15,Infrastruktura organizacji życia zbiorowego,2
443,None,power_,None,None,None
444,435,power_plant,27,Infrastruktura produkcyjna,1
445,436,power_generator,27,Infrastruktura produkcyjna,1
446,None,shop_,None,None,None
447,444,shop_alcohol,9,Infrastruktura handlowa,1
448,445,shop_bakery,7,Infrastruktura gastronomii,1
449,446,shop_beverages,9,Infrastruktura handlowa,1
450,447,shop_brewing_supplies,9,Infrastruktura handlowa,1
451,448,shop_butcher,9,Infrastruktura handlowa,1
452,449,shop_cheese,9,Infrastruktura handlowa,1
453,450,shop_chocolate,7,Infrastruktura gastronomii,1
454,451,shop_coffee,7,Infrastruktura gastronomii,1
455,452,shop_confectionery,7,Infrastruktura gastronomii,1
456,453,shop_convenience,9,Infrastruktura handlowa,1
457,454,shop_deli,7,Infrastruktura gastronomii,1
458,455,shop_dairy,9,Infrastruktura handlowa,1
459,456,shop_farm,9,Infrastruktura handlowa,1
460,457,shop_greengrocer,9,Infrastruktura handlowa,1
461,458,shop_ice_cream,7,Infrastruktura gastronomii,1
462,459,shop_organic,9,Infrastruktura handlowa,1
463,460,shop_pasta,9,Infrastruktura handlowa,1
464,461,shop_pastry,9,Infrastruktura handlowa,1
465,462,shop_seafood,9,Infrastruktura handlowa,1
466,463,shop_spices,9,Infrastruktura handlowa,1
467,464,shop_tea,7,Infrastruktura gastronomii,1
468,465,shop_wine,7,Infrastruktura gastronomii,1
469,466,shop_department_store,9,Infrastruktura handlowa,1
470,467,shop_general,9,Infrastruktura handlowa,1
471,468,shop_kiosk,9,Infrastruktura handlowa,1
472,469,shop_mall,9,Infrastruktura handlowa,1
473,470,shop_supermarket,9,Infrastruktura handlowa,1
474,471,shop_baby_goods,9,Infrastruktura handlowa,1
475,472,shop_bag,9,Infrastruktura handlowa,1
476,473,shop_boutique,9,Infrastruktura handlowa,1
477,474,shop_clothes,9,Infrastruktura handlowa,1
478,475,shop_fabric,9,Infrastruktura handlowa,1
479,476,shop_fashion,9,Infrastruktura handlowa,1
480,477,shop_jewelry,9,Infrastruktura handlowa,1
481,478,shop_leather,9,Infrastruktura handlowa,1
482,479,shop_shoes,9,Infrastruktura handlowa,1
483,480,shop_tailor,9,Infrastruktura handlowa,1
484,481,shop_watches,9,Infrastruktura handlowa,1
485,482,shop_charity,9,Infrastruktura handlowa,1
486,483,shop_second_hand,9,Infrastruktura handlowa,1
487,484,shop_variety_store,9,Infrastruktura handlowa,1
488,485,shop_beauty,13,Infrastruktura upiększania/dbania o ciało,3
489,486,shop_chemist,9,Infrastruktura handlowa,1
490,487,shop_cosmetics,13,Infrastruktura upiększania/dbania o ciało,3
491,488,shop_drugstore,9,Infrastruktura handlowa,1
492,489,shop_erotic,9,Infrastruktura handlowa,1
493,490,shop_hairdresser,13,Infrastruktura upiększania/dbania o ciało,3
494,491,shop_hearing_aids,16,Infrastruktura zdrowia,1
495,492,shop_herbalist,14,Infrastruktura magii/medycyny para- i niekonwencjonalnej,3
496,493,shop_massage,16,Infrastruktura zdrowia,1
497,494,shop_medical_supply,16,Infrastruktura zdrowia,1
498,495,shop_nutrition_supplements,14,Infrastruktura magii/medycyny para- i niekonwencjonalnej,3
499,496,shop_optician,16,Infrastruktura zdrowia,1
500,497,shop_perfumery,9,Infrastruktura handlowa,1
501,498,shop_tattoo,13,Infrastruktura upiększania/dbania o ciało,3
502,499,shop_bathroom_furnishing,9,Infrastruktura handlowa,1
503,500,shop_doityourself,20,Infrastruktura przemysłów kultury,3
504,501,shop_electrical,9,Infrastruktura handlowa,1
505,502,shop_energy,9,Infrastruktura handlowa,1
506,503,shop_fireplace_,9,Infrastruktura handlowa,1
507,504,shop_florist,9,Infrastruktura handlowa,1
508,505,shop_garden_centre,9,Infrastruktura handlowa,1
509,506,shop_garden_furniture,9,Infrastruktura handlowa,1
510,507,shop_gas,9,Infrastruktura handlowa,1
511,508,shop_glaziery,9,Infrastruktura handlowa,1
512,509,shop_hardware,9,Infrastruktura handlowa,1
513,510,shop_houseware,9,Infrastruktura handlowa,1
514,511,shop_locksmith,9,Infrastruktura handlowa,1
515,512,shop_paint,9,Infrastruktura handlowa,1
516,513,shop_trade,9,Infrastruktura handlowa,1
517,514,shop_antiques,19,Infrastruktura handlu kulturą,3
518,515,shop_bed,9,Infrastruktura handlowa,1
519,516,shop_candles,9,Infrastruktura handlowa,1
520,517,shop_carpet,9,Infrastruktura handlowa,1
521,518,shop_curtain,9,Infrastruktura handlowa,1
522,519,shop_furniture,9,Infrastruktura handlowa,1
523,520,shop_interior_decoration,9,Infrastruktura handlowa,1
524,521,shop_kitchen,9,Infrastruktura handlowa,1
525,522,shop_lamps,9,Infrastruktura handlowa,1
526,523,shop_window_blind,9,Infrastruktura handlowa,1
527,524,shop_computer,9,Infrastruktura handlowa,1
528,525,shop_electronics,9,Infrastruktura handlowa,1
529,526,shop_hifi,9,Infrastruktura handlowa,1
530,527,shop_mobile_phone,9,Infrastruktura handlowa,1
531,528,shop_radiotechnics,9,Infrastruktura handlowa,1
532,529,shop_vacuum_cleaner,9,Infrastruktura handlowa,1
533,530,shop_bicycle,9,Infrastruktura handlowa,1
534,531,shop_car,9,Infrastruktura handlowa,1
535,532,shop_car_repair,28,Infrastruktura usług produkcyjnych,3
536,533,shop_car_parts,9,Infrastruktura handlowa,1
537,534,shop_fishing,9,Infrastruktura handlowa,1
538,535,shop_free_flying,9,Infrastruktura handlowa,1
539,536,shop_hunting,9,Infrastruktura handlowa,1
540,537,shop_motorcycle,9,Infrastruktura handlowa,1
541,538,shop_outdoor,9,Infrastruktura handlowa,1
542,539,shop_scuba_diving,8,Infrastruktura turystyki,3
543,540,shop_sport_s,8,Infrastruktura turystyki,3
544,541,shop_swimming_pool,9,Infrastruktura handlowa,1
545,542,shop_tyres,9,Infrastruktura handlowa,1
546,543,shop_art,19,Infrastruktura handlu kulturą,3
547,544,shop_collector,19,Infrastruktura handlu kulturą,3
548,545,shop_craft,19,Infrastruktura handlu kulturą,3
549,546,shop_frame,19,Infrastruktura handlu kulturą,3
550,547,shop_games,19,Infrastruktura handlu kulturą,3
551,548,shop_model,19,Infrastruktura handlu kulturą,3
552,549,shop_music,19,Infrastruktura handlu kulturą,3
553,550,shop_musical_instrument,19,Infrastruktura handlu kulturą,3
554,551,shop_photo,19,Infrastruktura handlu kulturą,3
555,552,shop_trophy,19,Infrastruktura handlu kulturą,3
556,553,shop_video,19,Infrastruktura handlu kulturą,3
557,554,shop_video_games,19,Infrastruktura handlu kulturą,3
558,555,shop_anime,19,Infrastruktura handlu kulturą,3
559,556,shop_books,19,Infrastruktura handlu kulturą,3
560,557,shop_gift,9,Infrastruktura handlowa,1
561,558,shop_lottery,9,Infrastruktura handlowa,1
562,559,shop_newsagent,11,Infrastruktura usług kulturalnych,3
563,560,shop_stationery,9,Infrastruktura handlowa,1
564,561,shop_ticket,11,Infrastruktura usług kulturalnych,3
565,562,shop_bookmaker,11,Infrastruktura usług kulturalnych,3
566,563,shop_copyshop_,11,Infrastruktura usług kulturalnych,3
567,564,shop_dry_cleaning,9,Infrastruktura handlowa,1
568,565,shop_e-cigarette,9,Infrastruktura handlowa,1
569,566,shop_funeral_directors,15,Infrastruktura organizacji życia zbiorowego,2
570,567,shop_laundry,17,Infrastruktura rzemiosła i kultury ludowej,3
571,568,shop_money_lender,18,Infrastruktura instytucji finansowych,2
572,569,shop_pawnbroker,18,Infrastruktura instytucji finansowych,2
573,570,shop_pet,9,Infrastruktura handlowa,1
574,571,shop_pyrotechnics,9,Infrastruktura handlowa,1
575,572,shop_religion,6,Infrastruktura kultury religijnej,3
576,573,shop_tobacco,9,Infrastruktura handlowa,1
577,574,shop_toys,9,Infrastruktura handlowa,1
578,575,shop_travel_agency,8,Infrastruktura turystyki,3
579,576,shop_vacant,9,Infrastruktura handlowa,1
580,577,shop_weapons,9,Infrastruktura handlowa,1
581,None,sport_,None,None,None
582,578,sport_9pin,5,Infrastruktura aktywności fizycznej,1
583,579,sport_10pin,5,Infrastruktura aktywności fizycznej,1
584,580,sport_american_football,5,Infrastruktura aktywności fizycznej,1
585,581,sport_archery,5,Infrastruktura aktywności fizycznej,1
586,582,sport_athletics,5,Infrastruktura aktywności fizycznej,1
587,583,sport_australian_football,5,Infrastruktura aktywności fizycznej,1
588,584,sport_badminton,5,Infrastruktura aktywności fizycznej,1
589,585,sport_baseball,5,Infrastruktura aktywności fizycznej,1
590,586,sport_basketball,5,Infrastruktura aktywności fizycznej,1
591,587,sport_beachvolleyball,5,Infrastruktura aktywności fizycznej,1
592,588,sport_boules,5,Infrastruktura aktywności fizycznej,1
593,589,sport_bowls,5,Infrastruktura aktywności fizycznej,1
594,590,sport_canadian_football,5,Infrastruktura aktywności fizycznej,1
595,591,sport_canoe,5,Infrastruktura aktywności fizycznej,1
596,592,sport_climbing,5,Infrastruktura aktywności fizycznej,1
597,593,sport_cricket,5,Infrastruktura aktywności fizycznej,1
598,594,sport_cricket_nets,5,Infrastruktura aktywności fizycznej,1
599,595,sport_croquet,5,Infrastruktura aktywności fizycznej,1
600,596,sport_diving,5,Infrastruktura aktywności fizycznej,1
601,597,sport_equestrian,5,Infrastruktura aktywności fizycznej,1
602,598,sport_football,5,Infrastruktura aktywności fizycznej,1
603,599,sport_gaelic_games,5,Infrastruktura aktywności fizycznej,1
604,600,sport_golf,5,Infrastruktura aktywności fizycznej,1
605,601,sport_gymnastics,5,Infrastruktura aktywności fizycznej,1
606,602,sport_hockey,5,Infrastruktura aktywności fizycznej,1
607,603,sport_horseshoes,5,Infrastruktura aktywności fizycznej,1
608,604,sport_horse_racing,5,Infrastruktura aktywności fizycznej,1
609,605,sport_ice_stock,5,Infrastruktura aktywności fizycznej,1
610,606,sport_karting,5,Infrastruktura aktywności fizycznej,1
611,607,sport_korfball,5,Infrastruktura aktywności fizycznej,1
612,608,sport_motor,5,Infrastruktura aktywności fizycznej,1
613,609,sport_paddle_tennis,5,Infrastruktura aktywności fizycznej,1
614,610,sport_pelota,5,Infrastruktura aktywności fizycznej,1
615,611,sport_racquet,5,Infrastruktura aktywności fizycznej,1
616,612,sport_rowing,5,Infrastruktura aktywności fizycznej,1
617,613,sport_rugby_league,5,Infrastruktura aktywności fizycznej,1
618,614,sport_rugby_union,5,Infrastruktura aktywności fizycznej,1
619,615,sport_shooting,5,Infrastruktura aktywności fizycznej,1
620,616,sport_skating,5,Infrastruktura aktywności fizycznej,1
621,617,sport_skateboard,5,Infrastruktura aktywności fizycznej,1
622,618,sport_skiing,5,Infrastruktura aktywności fizycznej,1
623,619,sport_soccer,5,Infrastruktura aktywności fizycznej,1
624,620,sport_surfing,5,Infrastruktura aktywności fizycznej,1
625,621,sport_swimming,5,Infrastruktura aktywności fizycznej,1
626,622,sport_table_tennis,5,Infrastruktura aktywności fizycznej,1
627,623,sport_team_handball,5,Infrastruktura aktywności fizycznej,1
628,624,sport_tennis,5,Infrastruktura aktywności fizycznej,1
629,625,sport_volleyball,5,Infrastruktura aktywności fizycznej,1
630,626,sport_water_ski,5,Infrastruktura aktywności fizycznej,1
631,None,tourism_,None,None,None
632,627,tourism_alpine_hut,8,Infrastruktura turystyki,3
633,628,tourism_apartment,8,Infrastruktura turystyki,3
634,629,tourism_aquarium,12,Infrastruktura oswojonej natury,1
635,630,tourism_artwork,3,Infrastruktura kultury „wysokiej”,3
636,631,tourism_attraction,3,Infrastruktura kultury „wysokiej”,3
637,632,tourism_camp_site,8,Infrastruktura turystyki,3
638,633,tourism_caravan_site,8,Infrastruktura turystyki,3
639,634,tourism_chalet,8,Infrastruktura turystyki,3
640,635,tourism_gallery,3,Infrastruktura kultury „wysokiej”,3
641,636,tourism_guest_house,8,Infrastruktura turystyki,3
642,637,tourism_hostel,8,Infrastruktura turystyki,3
643,638,tourism_hotel,8,Infrastruktura turystyki,3
644,639,tourism_information,23,Infrastruktura informacyjno-promocyjna,3
645,640,tourism_motel,8,Infrastruktura turystyki,3
646,641,tourism_museum,4,Infrastruktura upowszechniania kultury,3
647,642,tourism_picnic_site,2,Infrastruktura zbiorowych spotkań okazjonalnych,2
648,643,tourism_sleeping_pods,8,Infrastruktura turystyki,3
649,644,tourism_theme_park,4,Infrastruktura upowszechniania kultury,3
650,645,tourism_viewpoint,2,Infrastruktura zbiorowych spotkań okazjonalnych,2
651,646,tourism_wilderness_hut,12,Infrastruktura oswojonej natury,1
652,647,tourism_zoo,12,Infrastruktura oswojonej natury,1
653,None,place_,None,None,None
654,648,place_city,999,Nieokreślona,999
655,649,place_town,999,Nieokreślona,999
656,650,place_village,999,Nieokreślona,999
657,651,place_hamlet,999,Nieokreślona,999
658,652,place_isolated_dwelling,999,Nieokreślona,999
659,653,place_farm,999,Nieokreślona,999
660,654,place_suburb,999,Nieokreślona,999
661,655,place_neighbourhood,999,Nieokreślona,999
662,660,stop_position_,29,Infrastruktura transportowa,2
663,661,stop_position_train,29,Infrastruktura transportowa,2
664,662,stop_position_subway,29,Infrastruktura transportowa,2
665,663,stop_position_monorail,29,Infrastruktura transportowa,2
666,664,stop_position_tram,29,Infrastruktura transportowa,2
667,665,stop_position_bus,29,Infrastruktura transportowa,2
668,666,stop_position_platform,29,Infrastruktura transportowa,2
669,667,stop_position_station,29,Infrastruktura transportowa,2
670,668,stop_position_stop_area,29,Infrastruktura transportowa,2
671,669,railway_station,29,Infrastruktura transportowa,2
672,1000,amenity,999,Nieokreślona,999
673,1100,building,999,Nieokreślona,999
674,1200,craft,17,Infrastruktura rzemiosła i kultury ludowej,3
675,1300,historic,4,Infrastruktura upowszechniania kultury,3
676,1400,landuse,999,Nieokreślona,999
677,1500,man_made,None,None,None
678,1600,military,15,Infrastruktura organizacji życia zbiorowego,2
679,1700,natural,12,Infrastruktura oswojonej natury,1
680,1800,office,999,Nieokreślona,999
681,1900,power,15,Infrastruktura organizacji życia zbiorowego,2
682,2000,shop,9,Infrastruktura handlowa,1
683,2100,sport,5,Infrastruktura aktywności fizycznej,1
684,2200,tourism,8,Infrastruktura turystyki,3
685,2300,public_transport,29,Infrastruktura transportowa,2
686,2400,railway,29,Infrastruktura transportowa,2
687,2500,emergency,16,Infrastruktura zdrowia,1
688,2600,leisure,2,Infrastruktura zbiorowych spotkań okazjonalnych,2
689,691,leisure_dance,2,Infrastruktura zbiorowych spotkań okazjonalnych,2
690,691,leisure_dog_park,2,Infrastruktura zbiorowych spotkań okazjonalnych,2
691,692,leisure_garden,12,Infrastruktura oswojonej natury,1
692,693,leisure_golf_course,5,Infrastruktura aktywności fizycznej,1
693,694,leisure_ice_rink,None,None,None
694,695,leisure_marina,8,Infrastruktura turystyki,3
695,696,leisure_miniature_golf,5,Infrastruktura aktywności fizycznej,1
696,697,leisure_nature_reserve,12,Infrastruktura oswojonej natury,1
697,698,leisure_park,12,Infrastruktura oswojonej natury,1
698,699,leisure_pitch,2,Infrastruktura zbiorowych spotkań okazjonalnych,2
699,700,leisure_playground,2,Infrastruktura zbiorowych spotkań okazjonalnych,2
700,701,leisure_sports_centre,5,Infrastruktura aktywności fizycznej,1
701,702,leisure_stadium,5,Infrastruktura aktywności fizycznej,1
702,703,leisure_water_park,2,Infrastruktura zbiorowych spotkań okazjonalnych,2
703,704,leisure_bird_hied,None,None,None
704,705,leisure_firepit,2,Infrastruktura zbiorowych spotkań okazjonalnych,2
705,706,leisure_hackerspace,11,Infrastruktura usług kulturalnych,3
706,707,leisure_swimming_area,5,Infrastruktura aktywności fizycznej,1
707,708,leisure_swimming_pool,5,Infrastruktura aktywności fizycznej,1
708,690,leisure_common,2,Infrastruktura zbiorowych spotkań okazjonalnych,2
709,670,railway_station_subway,29,Infrastruktura transportowa,2
710,671,railway_tram_stop,29,Infrastruktura transportowa,2
711,680,emergency_ambulance_station,16,Infrastruktura zdrowia,1
